res_no,entropy
1,0.02236220827711901
2,0.06271828515842331
3,0.0567293992841549
4,0.0
5,0.17437145292163492
6,0.11367082443274977
7,0.07201647168541384
8,0.17437145292163492
9,0.0
10,1.445400580608364
11,0.1311530939544159
12,0.7818032768852561
13,0.8746389713284743
14,0.6364346287806427
15,0.8297087023348597
16,0.15097748895779195
17,0.06271828515842331
18,0.22380333033149724
19,0.6954530870249064
20,0.9366032575533554
21,0.0
22,0.0
23,0.10140585101759238
24,0.18908425964269043
25,0.0
26,0.0
27,0.0
28,0.02236220827711901
29,0.0
30,0.5509893511921677
31,0.0
32,0.16129252689948936
33,0.3621275296417899
34,0.06706611124537984
35,0.9897918423814506
36,1.0134849516324012
37,1.9861100747278595
38,0.02236220827711901
39,0.19720455854162433
40,0.0
41,0.8770052639429752
42,0.02236220827711901
43,0.3869860177647506
44,0.0
45,0.15097748895779195
46,1.0200864367302813
47,0.08071212385932687
48,0.10883210810847915
49,0.0
50,0.04471758366524405
51,0.02236220827711901
52,0.0
53,0.21075985207062767
54,0.646582849947705
55,0.11233132653116787
56,0.0
57,0.6499015662875581
58,0.1582920106344186
59,0.04036975757828752
60,0.43005089651362105
61,0.3333754608103152
62,1.0760261891221823
63,1.7290939253145075
64,0.9692515842306743
65,0.1582920106344186
66,0.1662300203179039
67,0.322969480051331
68,0.02236220827711901
69,0.45031853394432053
70,0.37964958998995973
71,1.4621296088193954
72,0.9514081080458135
73,0.47269104286540586
74,0.48534065259047576
75,0.1286634265028362
76,0.10035355478263104
77,1.1085765279787803
78,0.0
79,0.06706611124537984
80,0.0
81,0.0
82,0.8163480634317092
83,0.0
84,0.3333563007652808
85,0.23981426081540466
86,0.0
87,0.0
88,0.6275863998873199
89,0.09705802493063585
90,0.897739565602005
91,0.0
92,0.2431939488935494
93,1.1673538569152893
94,0.0
95,0.1286634265028362
96,0.0
97,0.02236220827711901
98,0.0
99,0.02236220827711901
