chain,res_no,res_name,b_factor
A,1,PRO,34.04714285714286
A,2,GLN,39.154444444444444
A,3,ILE,25.373749999999998
A,4,THR,26.51571428571429
A,5,LEU,22.21375
A,6,TRP,21.395714285714288
A,7,GLN,37.39888888888888
A,8,ARG,26.884545454545457
A,9,PRO,19.431428571428572
A,10,LEU,25.131249999999998
A,11,VAL,27.341428571428573
A,12,THR,37.917142857142856
A,13,ILE,35.0025
A,14,LYS,47.041111111111114
A,15,ILE,42.3575
A,16,GLY,46.614999999999995
A,17,GLY,49.665
A,18,GLN,52.326666666666675
A,19,LEU,40.27375
A,20,LYS,41.21333333333334
A,21,GLU,38.01111111111111
A,22,ALA,27.786
A,23,LEU,19.22625
A,24,LEU,21.25625
A,25,ASP,23.2425
A,26,THR,16.528571428571432
A,27,GLY,12.885000000000002
A,28,ALA,14.388
A,29,ASP,25.53125
A,30,ASP,30.432499999999997
A,31,THR,18.478571428571428
A,32,VAL,17.73
A,33,LEU,33.5025
A,34,GLU,40.02666666666667
A,35,GLU,33.172222222222224
A,36,MET,41.385000000000005
A,37,SER,48.721666666666664
A,38,LEU,39.1075
A,39,PRO,49.118571428571435
A,40,GLY,49.5625
A,41,ARG,61.08090909090909
A,42,TRP,36.388571428571424
A,43,LYS,44.84111111111111
A,44,PRO,46.73571428571428
A,45,LYS,45.36666666666666
A,46,MET,41.37625
A,47,ILE,30.55875
A,48,GLY,40.557500000000005
A,49,GLY,47.18
A,50,ILE,55.11
A,51,GLY,51.67750000000001
A,52,GLY,43.822500000000005
A,53,PHE,45.86090909090909
A,54,ILE,33.7625
A,55,LYS,33.53
A,56,VAL,28.042857142857144
A,57,ARG,25.624545454545455
A,58,GLN,26.903333333333332
A,59,TYR,37.279166666666676
A,60,ASP,31.515
A,61,GLN,30.642222222222227
A,62,ILE,28.622500000000002
A,63,LEU,33.035000000000004
A,64,ILE,33.96625
A,65,GLU,44.10666666666667
A,66,ILE,33.09875
A,67,CYS,45.67333333333334
A,68,GLY,45.955
A,69,HIS,37.247
A,70,LYS,45.55888888888889
A,71,ALA,38.134
A,72,ILE,29.415
A,73,GLY,23.415
A,74,THR,23.31
A,75,VAL,28.490000000000002
A,76,LEU,24.12
A,77,VAL,18.618571428571425
A,78,GLY,22.900000000000002
A,79,PRO,26.87285714285714
A,80,THR,31.34857142857143
A,81,PRO,30.12142857142857
A,82,VAL,28.924285714285713
A,83,ASN,28.5375
A,84,ILE,20.439999999999998
A,85,ILE,18.305
A,86,GLY,19.4775
A,87,ARG,23.526363636363637
A,88,ASN,21.985
A,89,LEU,17.4375
A,90,LEU,18.36375
A,91,THR,18.88285714285714
A,92,GLN,22.04
A,93,ILE,22.8825
A,94,GLY,30.487499999999997
A,95,CYS,28.231666666666666
A,96,THR,26.125714285714285
A,97,LEU,24.38
A,98,ASN,33.19375
A,99,PHE,32.550000000000004
