res_no,b_norm_1hhp,b_norm_1idb,b_norm_1kjf,consensus_flexibility,entropy,normalized_entropy,gap_fraction,sample_size,scaled_flex,mechanicity_score
40,1.6163886372910818,2.67934027034036,1.2926650352714222,1.8627979809676216,0.0,0.0,0.0,33,1.0,1.0
39,1.5743952185706696,1.943324752470296,1.2476629370416512,1.5884609693608722,0.0,0.0,0.0,33,0.9206918915412722,0.9206918915412722
18,1.8778649551428528,0.9376924389915796,1.8856903013756965,1.567082565170043,0.0,0.0,0.0303030303030303,32,0.9145116069770035,0.9145116069770035
17,1.6260846237534778,0.6561390773537855,1.5623736772245795,1.2815324594439477,0.0,0.0,0.0,33,0.8319619042493631,0.8319619042493631
68,1.2751372113096784,1.7201919992440622,0.7330978249825288,1.2428090118454231,0.0,0.0,0.0,33,0.820767339709738,0.820767339709738
41,2.7059724286451736,1.6231411725736962,1.1213781455372736,1.816830582252048,0.7455178428108284,0.1724965863482876,0.0,33,0.9867112810570158,0.8165069533633348
16,1.3375699046285217,0.8702492826284863,1.428708327059396,1.212175838105468,0.1959092708736049,0.0453291370361659,0.0,33,0.8119115930819882,0.775108341217923
43,1.1697689031410925,1.136905311206411,0.3274960770281009,0.878056763791868,0.0,0.0,0.0303030303030303,32,0.7153210833706081,0.7153210833706081
21,0.5236851222809444,1.2727889349324215,0.775761713279115,0.8574119234974938,0.0,0.0,0.0,33,0.7093528648513864,0.7093528648513864
38,0.6273980181266824,0.9406999549754236,0.9682011585829952,0.8454330438950337,0.0,0.0,0.0,33,0.7058898895963822,0.7058898895963822
